{"log-evidence": -370.910626876955, "RMSE": 42.714091087574445}